<?xml version="1.0" encoding="UTF-8"?>
<project-private xmlns="http://www.netbeans.org/ns/project-private/1">
    <data xmlns="http://www.netbeans.org/ns/make-project-private/1">
        <activeConfTypeElem>1</activeConfTypeElem>
        <activeConfIndexElem>0</activeConfIndexElem>
    </data>
    <editor-bookmarks xmlns="http://www.netbeans.org/ns/editor-bookmarks/2" lastBookmarkId="0"/>
    <open-files xmlns="http://www.netbeans.org/ns/projectui-open-files/2">
        <group>
            <file>file:/C:/Users/guill/Documents/Cours/HEIG2e/ASD2/Labo/offline/Labo1/Git/ASD2_LAB/Labo3/ASD2_lab3/MinimumSpanningTree.h</file>
            <file>file:/C:/Users/guill/Documents/Cours/HEIG2e/ASD2/Labo/offline/Labo1/Git/ASD2_LAB/Labo3/ASD2_lab3/ShortestPath.h</file>
            <file>file:/C:/Users/guill/Documents/Cours/HEIG2e/ASD2/Labo/offline/Labo1/Git/ASD2_LAB/Labo3/ASD2_lab3/UnionFind.h</file>
            <file>file:/C:/Users/guill/Documents/Cours/HEIG2e/ASD2/Labo/offline/Labo1/Git/ASD2_LAB/Labo3/ASD2_lab3/UnionFind.cpp</file>
            <file>file:/C:/Users/guill/Documents/Cours/HEIG2e/ASD2/Labo/offline/Labo1/Git/ASD2_LAB/Labo3/ASD2_lab3/EdgeWeightedDigraph.h</file>
            <file>file:/C:/Users/guill/Documents/Cours/HEIG2e/ASD2/Labo/offline/Labo1/Git/ASD2_LAB/Labo3/ASD2_lab3/main.cpp</file>
            <file>file:/C:/Users/guill/Documents/Cours/HEIG2e/ASD2/Labo/offline/Labo1/Git/ASD2_LAB/Labo3/ASD2_lab3/Util.h</file>
            <file>file:/C:/Users/guill/Documents/Cours/HEIG2e/ASD2/Labo/offline/Labo1/Git/ASD2_LAB/Labo3/ASD2_lab3/RoadGraphWrapper.h</file>
            <file>file:/C:/Users/guill/Documents/Cours/HEIG2e/ASD2/Labo/offline/Labo1/Git/ASD2_LAB/Labo3/ASD2_lab3/EdgeWeightedGraphCommon.h</file>
            <file>file:/C:/Users/guill/Documents/Cours/HEIG2e/ASD2/Labo/offline/Labo1/Git/ASD2_LAB/Labo3/ASD2_lab3/RoadNetwork.h</file>
            <file>file:/C:/Users/guill/Documents/Cours/HEIG2e/ASD2/Labo/offline/Labo1/Git/ASD2_LAB/Labo3/ASD2_lab3/RoadNetwork.cpp</file>
            <file>file:/C:/Users/guill/Documents/Cours/HEIG2e/ASD2/Labo/offline/Labo1/Git/ASD2_LAB/Labo3/ASD2_lab3/Util.cpp</file>
            <file>file:/C:/Users/guill/Documents/Cours/HEIG2e/ASD2/Labo/offline/Labo1/Git/ASD2_LAB/Labo3/ASD2_lab3/EdgeWeightedGraph.h</file>
            <file>file:/C:/Users/guill/Documents/Cours/HEIG2e/ASD2/Labo/offline/Labo1/Git/ASD2_LAB/Labo3/ASD2_lab3/RoadDiGraphWrapper.h</file>
        </group>
    </open-files>
</project-private>
