<?xml version="1.0" encoding="UTF-8"?>
<project-private xmlns="http://www.netbeans.org/ns/project-private/1">
    <data xmlns="http://www.netbeans.org/ns/make-project-private/1">
        <activeConfTypeElem>1</activeConfTypeElem>
        <activeConfIndexElem>0</activeConfIndexElem>
    </data>
    <editor-bookmarks xmlns="http://www.netbeans.org/ns/editor-bookmarks/2" lastBookmarkId="0"/>
    <open-files xmlns="http://www.netbeans.org/ns/projectui-open-files/2">
        <group>
            <file>file:/C:/Users/guill/Documents/Cours/HEIG2e/ASD2/Labo/Labo1/Git/ASD2_LAB/Labo1/Partie2/ASD2_Labo1_P2/SymbolGraph.h</file>
            <file>file:/C:/Users/guill/Documents/Cours/HEIG2e/ASD2/Labo/Labo1/Git/ASD2_LAB/Labo1/Partie2/ASD2_Labo1_P2/ex2.cpp</file>
        </group>
    </open-files>
</project-private>
