<?xml version="1.0" encoding="UTF-8"?>
<configurationDescriptor version="100">
  <logicalFolder name="root" displayName="root" projectFiles="true" kind="ROOT">
    <logicalFolder name="HeaderFiles"
                   displayName="Header Files"
                   projectFiles="true">
      <itemPath>EdgeWeightedDigraph.h</itemPath>
      <itemPath>EdgeWeightedGraph.h</itemPath>
      <itemPath>EdgeWeightedGraphCommon.h</itemPath>
      <itemPath>MinimumSpanningTree.h</itemPath>
      <itemPath>RoadDiGraphWrapper.h</itemPath>
      <itemPath>RoadGraphWrapper.h</itemPath>
      <itemPath>RoadNetwork.h</itemPath>
      <itemPath>ShortestPath.h</itemPath>
      <itemPath>UnionFind.h</itemPath>
      <itemPath>Util.h</itemPath>
    </logicalFolder>
    <logicalFolder name="ResourceFiles"
                   displayName="Resource Files"
                   projectFiles="true">
    </logicalFolder>
    <logicalFolder name="SourceFiles"
                   displayName="Source Files"
                   projectFiles="true">
      <itemPath>RoadNetwork.cpp</itemPath>
      <itemPath>UnionFind.cpp</itemPath>
      <itemPath>Util.cpp</itemPath>
      <itemPath>main.cpp</itemPath>
    </logicalFolder>
    <logicalFolder name="TestFiles"
                   displayName="Test Files"
                   projectFiles="false"
                   kind="TEST_LOGICAL_FOLDER">
    </logicalFolder>
    <logicalFolder name="ExternalFiles"
                   displayName="Important Files"
                   projectFiles="false"
                   kind="IMPORTANT_FILES_FOLDER">
      <itemPath>Makefile</itemPath>
    </logicalFolder>
  </logicalFolder>
  <sourceRootList>
    <Elem>.</Elem>
  </sourceRootList>
  <projectmakefile>Makefile</projectmakefile>
  <confs>
    <conf name="Debug" type="1">
      <toolsSet>
        <compilerSet>default</compilerSet>
        <dependencyChecking>true</dependencyChecking>
        <rebuildPropChanged>false</rebuildPropChanged>
      </toolsSet>
      <compileType>
        <ccTool>
          <standard>8</standard>
        </ccTool>
      </compileType>
      <item path="EdgeWeightedDigraph.h" ex="false" tool="3" flavor2="0">
      </item>
      <item path="EdgeWeightedGraph.h" ex="false" tool="3" flavor2="0">
      </item>
      <item path="EdgeWeightedGraphCommon.h" ex="false" tool="3" flavor2="0">
      </item>
      <item path="MinimumSpanningTree.h" ex="false" tool="3" flavor2="0">
      </item>
      <item path="RoadDiGraphWrapper.h" ex="false" tool="3" flavor2="0">
      </item>
      <item path="RoadGraphWrapper.h" ex="false" tool="3" flavor2="0">
      </item>
      <item path="RoadNetwork.cpp" ex="false" tool="1" flavor2="0">
      </item>
      <item path="RoadNetwork.h" ex="false" tool="3" flavor2="0">
      </item>
      <item path="ShortestPath.h" ex="false" tool="3" flavor2="0">
      </item>
      <item path="UnionFind.cpp" ex="false" tool="1" flavor2="0">
      </item>
      <item path="UnionFind.h" ex="false" tool="3" flavor2="0">
      </item>
      <item path="Util.cpp" ex="false" tool="1" flavor2="0">
      </item>
      <item path="Util.h" ex="false" tool="3" flavor2="0">
      </item>
      <item path="main.cpp" ex="false" tool="1" flavor2="0">
      </item>
    </conf>
    <conf name="Release" type="1">
      <toolsSet>
        <compilerSet>default</compilerSet>
        <dependencyChecking>true</dependencyChecking>
        <rebuildPropChanged>false</rebuildPropChanged>
      </toolsSet>
      <compileType>
        <cTool>
          <developmentMode>5</developmentMode>
        </cTool>
        <ccTool>
          <developmentMode>5</developmentMode>
          <standard>8</standard>
        </ccTool>
        <fortranCompilerTool>
          <developmentMode>5</developmentMode>
        </fortranCompilerTool>
        <asmTool>
          <developmentMode>5</developmentMode>
        </asmTool>
      </compileType>
      <item path="EdgeWeightedDigraph.h" ex="false" tool="3" flavor2="0">
      </item>
      <item path="EdgeWeightedGraph.h" ex="false" tool="3" flavor2="0">
      </item>
      <item path="EdgeWeightedGraphCommon.h" ex="false" tool="3" flavor2="0">
      </item>
      <item path="MinimumSpanningTree.h" ex="false" tool="3" flavor2="0">
      </item>
      <item path="RoadDiGraphWrapper.h" ex="false" tool="3" flavor2="0">
      </item>
      <item path="RoadGraphWrapper.h" ex="false" tool="3" flavor2="0">
      </item>
      <item path="RoadNetwork.cpp" ex="false" tool="1" flavor2="0">
      </item>
      <item path="RoadNetwork.h" ex="false" tool="3" flavor2="0">
      </item>
      <item path="ShortestPath.h" ex="false" tool="3" flavor2="0">
      </item>
      <item path="UnionFind.cpp" ex="false" tool="1" flavor2="0">
      </item>
      <item path="UnionFind.h" ex="false" tool="3" flavor2="0">
      </item>
      <item path="Util.cpp" ex="false" tool="1" flavor2="0">
      </item>
      <item path="Util.h" ex="false" tool="3" flavor2="0">
      </item>
      <item path="main.cpp" ex="false" tool="1" flavor2="0">
      </item>
    </conf>
  </confs>
</configurationDescriptor>
